﻿<?xml version="1.0" encoding="utf-8" ?>
<languages>
    <language name="English" id="en">
        <sharepoint>
            <admin>
                <ok>Ok</ok>
                <cancel>Cancel</cancel>
                <displayname>Connect For SharePoint</displayname>
                <description>SharePoint Site Credentials</description>
                <queuedescription>Queue Information</queuedescription>
                <remainingitems>Remaining items</remainingitems>
                <selectviewdescription>Select one or more lists and corresponding views.</selectviewdescription>
                <serverurl>Site URL</serverurl>
                <username>Username</username>
                <password>Password</password>
                <connectiontype>Connection type</connectiontype>
                <online>Online</online>
                <onpremises>On-premises</onpremises>
                <save>Save</save>
                <connect>Test connection</connect>
                <selectedfolder>Folder</selectedfolder>
                <selectfolder>Select Folder:</selectfolder>
                <entrypoint>Connection Entry Point</entrypoint>
                <entrypointinstructions>Select a folder that will be the entry point location.  In addition, if you would like to create a new sub-folder, use the text box below:</entrypointinstructions>
                <newsubfolder>Create New Sub-Folder:</newsubfolder>  
                <expirationtime>Expiration Time</expirationtime>
                <refreshcache>Refresh</refreshcache>
                <entrypointrequired>Connection Entry Point is required.</entrypointrequired>
                <message>
                    <savesuccess>Your configuration has been successfully saved.</savesuccess>
                    <refreshsuccess>SharePoint data is being updated.</refreshsuccess>
                    <connectsuccess>Successfully connected to the SharePoint site. Select SharePoint views to get media from.</connectsuccess>
                    <savesuccesswithnomedia>Your configuration has been saved. Note that since there is no view selected, no Sharepoint media is mapped.</savesuccesswithnomedia>
                    <saveerror>Error while saving: {0}.</saveerror>
                    <connecttosharepointerror>Error when connecting to SharePoint site: {0}</connecttosharepointerror>
                    <nourlusernamepasswordspecified>No SharePoint URL, username or password specified.</nourlusernamepasswordspecified>
                    <unauthorizederror>Failed to authorize with specified username and password.</unauthorizederror>
                    <notfounderror>The SharePoint URL is incorrect or you do not have access to the site specified in the URL.</notfounderror>
                    <listviewnotmatched>The list of views is not up to date. Reconnect to get new SharePoint views.</listviewnotmatched>
                    <invalidentrypoint>Invalid Connection Entry Point.</invalidentrypoint>
                    <entrypointmustbecontentfolder>Connection Entry Point must be a content folder.</entrypointmustbecontentfolder>
                    <entrypointmustnothavechildren>Connection Entry Point must be empty.  Please select a folder that does not contain any 'Blocks' or media items.</entrypointmustnothavechildren>
                    <entrypointcannotbechildofprevious>Selected folder cannot be a child of the previously selected folder.  Please select a different folder.</entrypointcannotbechildofprevious>
                  <expirationtimemustbeminutes>Expiration time must be in minutes.</expirationtimemustbeminutes>                   
                    <expirationtimegreaterorequalthree>(greater than or equal to 3 minutes)</expirationtimegreaterorequalthree>
                    <folderdeleted>Folder '{0}' has been deleted, please select a new destination.</folderdeleted>
                </message>
            </admin>
            <plugin>
                <spcontentindexjob>
                    <displayname>SharePoint Content Index</displayname>
                    <description>This job will index media content from SharePoint.</description>
                    <indexcompleted>Content successfully indexed.</indexcompleted>
                    <indexfailed>Content indexing failed.</indexfailed>
                </spcontentindexjob>
            </plugin>
        </sharepoint>
    </language>
</languages>